row_type,condition,prompt_id,seed,audio_path,raw_prompt,prompt_text,reasoning,reasoning_tags,structured_json,loudness_variance,spectral_centroid_variance,embedding_similarity,fad,loudness_variance_mean,loudness_variance_variance,spectral_centroid_variance_mean,spectral_centroid_variance_variance,embedding_similarity_mean,embedding_similarity_variance,fad_mean,fad_variance
per_audio,baseline,nature,1000,outputs/baseline/baseline_nature_1000.wav,"forest ambience, birds chirping, light wind, leaves rustling, calm atmosphere","forest ambience, birds chirping, light wind, leaves rustling, calm atmosphere",,,,0.00023047981085255742,2094069.8377768022,,,,,,,,,,
per_audio,baseline,nature,1001,outputs/baseline/baseline_nature_1001.wav,"forest ambience, birds chirping, light wind, leaves rustling, calm atmosphere","forest ambience, birds chirping, light wind, leaves rustling, calm atmosphere",,,,0.0003525711945258081,217378.30076882005,,,,,,,,,,
per_audio,baseline,nature,1002,outputs/baseline/baseline_nature_1002.wav,"forest ambience, birds chirping, light wind, leaves rustling, calm atmosphere","forest ambience, birds chirping, light wind, leaves rustling, calm atmosphere",,,,0.0010240310803055763,310809.9990870698,,,,,,,,,,
per_audio,baseline,nature,1003,outputs/baseline/baseline_nature_1003.wav,"forest ambience, birds chirping, light wind, leaves rustling, calm atmosphere","forest ambience, birds chirping, light wind, leaves rustling, calm atmosphere",,,,0.00015843519940972328,650808.4966923408,,,,,,,,,,
per_audio,baseline,nature,1004,outputs/baseline/baseline_nature_1004.wav,"forest ambience, birds chirping, light wind, leaves rustling, calm atmosphere","forest ambience, birds chirping, light wind, leaves rustling, calm atmosphere",,,,0.0005167247145436704,428026.050426882,,,,,,,,,,
per_audio,structured,nature,1000,outputs/structured/structured_nature_1000.wav,"forest ambience, birds chirping, light wind, leaves rustling, calm atmosphere","Environment: forest | Time: | Weather: light wind | Sounds: birds chirping; leaves rustling | Spatial: open; mid; wide | Temporal: static; sparse | Acoustics: | Mood: calm | Style: | Details: | Quality: high-quality, stereo",,,"{""temporal_evolution"": ""static"", ""immersion_level"": ""background"", ""distance_profile"": ""mid"", ""looping"": """", ""audio_type"": ""AMBIENCE"", ""event_density"": ""sparse"", ""sao_prompt"": ""Environment: forest | Time: | Weather: light wind | Sounds: birds chirping; leaves rustling | Spatial: open; mid; wide | Temporal: static; sparse | Acoustics: | Mood: calm | Style: | Details: | Quality: high-quality, stereo"", ""duration_hint"": """", ""sound_sources_primary"": ""birds chirping"", ""weather"": ""light wind"", ""background_textures"": """", ""recording_style"": """", ""spatial_characteristics"": ""open"", ""sound_sources_secondary"": ""leaves rustling"", ""negative_prompt"": """", ""stereo_width"": ""wide"", ""acoustic_properties"": """", ""mood"": ""calm"", ""environment"": ""forest"", ""time_of_day"": """"}",0.00013770879013463855,2056575.8055910333,,,,,,,,,,
per_audio,structured,nature,1001,outputs/structured/structured_nature_1001.wav,"forest ambience, birds chirping, light wind, leaves rustling, calm atmosphere","Environment: forest | Time: | Weather: light wind | Sounds: birds chirping; leaves rustling | Spatial: open; mid; wide | Temporal: static; sparse | Acoustics: | Mood: calm | Style: | Details: | Quality: high-quality, stereo",,,"{""temporal_evolution"": ""static"", ""immersion_level"": ""background"", ""distance_profile"": ""mid"", ""looping"": """", ""audio_type"": ""AMBIENCE"", ""event_density"": ""sparse"", ""sao_prompt"": ""Environment: forest | Time: | Weather: light wind | Sounds: birds chirping; leaves rustling | Spatial: open; mid; wide | Temporal: static; sparse | Acoustics: | Mood: calm | Style: | Details: | Quality: high-quality, stereo"", ""duration_hint"": """", ""sound_sources_primary"": ""birds chirping"", ""weather"": ""light wind"", ""background_textures"": """", ""recording_style"": """", ""spatial_characteristics"": ""open"", ""sound_sources_secondary"": ""leaves rustling"", ""negative_prompt"": """", ""stereo_width"": ""wide"", ""acoustic_properties"": """", ""mood"": ""calm"", ""environment"": ""forest"", ""time_of_day"": """"}",4.45439072791487e-05,9860043.431891043,,,,,,,,,,
per_audio,structured,nature,1002,outputs/structured/structured_nature_1002.wav,"forest ambience, birds chirping, light wind, leaves rustling, calm atmosphere","Environment: forest | Time: | Weather: light wind | Sounds: birds chirping; leaves rustling | Spatial: open; mid; wide | Temporal: static; sparse | Acoustics: | Mood: calm | Style: | Details: | Quality: high-quality, stereo",,,"{""temporal_evolution"": ""static"", ""immersion_level"": ""background"", ""distance_profile"": ""mid"", ""looping"": """", ""audio_type"": ""AMBIENCE"", ""event_density"": ""sparse"", ""sao_prompt"": ""Environment: forest | Time: | Weather: light wind | Sounds: birds chirping; leaves rustling | Spatial: open; mid; wide | Temporal: static; sparse | Acoustics: | Mood: calm | Style: | Details: | Quality: high-quality, stereo"", ""duration_hint"": """", ""sound_sources_primary"": ""birds chirping"", ""weather"": ""light wind"", ""background_textures"": """", ""recording_style"": """", ""spatial_characteristics"": ""open"", ""sound_sources_secondary"": ""leaves rustling"", ""negative_prompt"": """", ""stereo_width"": ""wide"", ""acoustic_properties"": """", ""mood"": ""calm"", ""environment"": ""forest"", ""time_of_day"": """"}",0.00034965446684509516,1968690.8643909572,,,,,,,,,,
per_audio,structured,nature,1003,outputs/structured/structured_nature_1003.wav,"forest ambience, birds chirping, light wind, leaves rustling, calm atmosphere","Environment: forest | Time: | Weather: light wind | Sounds: birds chirping; leaves rustling | Spatial: open; mid; wide | Temporal: static; sparse | Acoustics: | Mood: calm | Style: | Details: | Quality: high-quality, stereo",,,"{""temporal_evolution"": ""static"", ""immersion_level"": ""background"", ""distance_profile"": ""mid"", ""looping"": """", ""audio_type"": ""AMBIENCE"", ""event_density"": ""sparse"", ""sao_prompt"": ""Environment: forest | Time: | Weather: light wind | Sounds: birds chirping; leaves rustling | Spatial: open; mid; wide | Temporal: static; sparse | Acoustics: | Mood: calm | Style: | Details: | Quality: high-quality, stereo"", ""duration_hint"": """", ""sound_sources_primary"": ""birds chirping"", ""weather"": ""light wind"", ""background_textures"": """", ""recording_style"": """", ""spatial_characteristics"": ""open"", ""sound_sources_secondary"": ""leaves rustling"", ""negative_prompt"": """", ""stereo_width"": ""wide"", ""acoustic_properties"": """", ""mood"": ""calm"", ""environment"": ""forest"", ""time_of_day"": """"}",7.701867434661835e-05,8274522.631264688,,,,,,,,,,
per_audio,structured,nature,1004,outputs/structured/structured_nature_1004.wav,"forest ambience, birds chirping, light wind, leaves rustling, calm atmosphere","Environment: forest | Time: | Weather: light wind | Sounds: birds chirping; leaves rustling | Spatial: open; mid; wide | Temporal: static; sparse | Acoustics: | Mood: calm | Style: | Details: | Quality: high-quality, stereo",,,"{""temporal_evolution"": ""static"", ""immersion_level"": ""background"", ""distance_profile"": ""mid"", ""looping"": """", ""audio_type"": ""AMBIENCE"", ""event_density"": ""sparse"", ""sao_prompt"": ""Environment: forest | Time: | Weather: light wind | Sounds: birds chirping; leaves rustling | Spatial: open; mid; wide | Temporal: static; sparse | Acoustics: | Mood: calm | Style: | Details: | Quality: high-quality, stereo"", ""duration_hint"": """", ""sound_sources_primary"": ""birds chirping"", ""weather"": ""light wind"", ""background_textures"": """", ""recording_style"": """", ""spatial_characteristics"": ""open"", ""sound_sources_secondary"": ""leaves rustling"", ""negative_prompt"": """", ""stereo_width"": ""wide"", ""acoustic_properties"": """", ""mood"": ""calm"", ""environment"": ""forest"", ""time_of_day"": """"}",7.561635720776394e-05,3388593.533637959,,,,,,,,,,
per_audio,cot,nature,1000,outputs/cot/cot_nature_1000.wav,"forest ambience, birds chirping, light wind, leaves rustling, calm atmosphere","Environment: forest | Time: | Weather: light wind | Sounds: birds chirping; leaves rustling | Spatial: open; mid; moderate | Temporal: static; sparse | Acoustics: | Mood: calm | Style: | Details: forest; bird chirping; wind rustling; calm atmosphere; avoid close bird chirps; keep wind speed steady; use wide stereo for leaves rustling | Quality: high-quality, stereo","{""loopability_risk"": """", ""spot_layer"": """", ""control_decisions"": [""avoid close bird chirps"", ""keep wind speed steady"", ""use wide stereo for leaves rustling""], ""foreground_background_tendency"": """", ""bed_layer"": """", ""dynamic_layer"": """", ""scene_family"": ""forest"", ""stationarity_variability"": """"}",bird chirping; wind rustling; calm atmosphere,"{""temporal_evolution"": ""static"", ""immersion_level"": ""background"", ""distance_profile"": ""mid"", ""looping"": """", ""audio_type"": ""AMBIENCE"", ""event_density"": ""sparse"", ""sao_prompt"": ""Environment: forest | Time: | Weather: light wind | Sounds: birds chirping; leaves rustling | Spatial: open; mid; moderate | Temporal: static; sparse | Acoustics: | Mood: calm | Style: | Details: forest; bird chirping; wind rustling; calm atmosphere; avoid close bird chirps; keep wind speed steady; use wide stereo for leaves rustling | Quality: high-quality, stereo"", ""duration_hint"": """", ""sound_sources_primary"": ""birds chirping"", ""weather"": ""light wind"", ""background_textures"": """", ""recording_style"": """", ""spatial_characteristics"": ""open"", ""sound_sources_secondary"": ""leaves rustling"", ""negative_prompt"": """", ""stereo_width"": ""moderate"", ""acoustic_properties"": """", ""mood"": ""calm"", ""environment"": ""forest"", ""time_of_day"": """", ""cot_trace"": {""loopability_risk"": """", ""spot_layer"": """", ""control_decisions"": [""avoid close bird chirps"", ""keep wind speed steady"", ""use wide stereo for leaves rustling""], ""foreground_background_tendency"": """", ""bed_layer"": """", ""dynamic_layer"": """", ""scene_family"": ""forest"", ""stationarity_variability"": """"}, ""reasoning_tags"": [""bird chirping"", ""wind rustling"", ""calm atmosphere""]}",9.157760359812528e-05,7706523.977631474,,,,,,,,,,
per_audio,cot,nature,1001,outputs/cot/cot_nature_1001.wav,"forest ambience, birds chirping, light wind, leaves rustling, calm atmosphere","Environment: forest | Time: | Weather: light wind | Sounds: birds chirping; leaves rustling | Spatial: open; mid; moderate | Temporal: static; sparse | Acoustics: | Mood: calm | Style: | Details: forest; bird chirping; wind rustling; calm atmosphere; avoid close bird chirps; keep wind speed steady; use wide stereo for leaves rustling | Quality: high-quality, stereo","{""loopability_risk"": """", ""spot_layer"": """", ""control_decisions"": [""avoid close bird chirps"", ""keep wind speed steady"", ""use wide stereo for leaves rustling""], ""foreground_background_tendency"": """", ""bed_layer"": """", ""dynamic_layer"": """", ""scene_family"": ""forest"", ""stationarity_variability"": """"}",bird chirping; wind rustling; calm atmosphere,"{""temporal_evolution"": ""static"", ""immersion_level"": ""background"", ""distance_profile"": ""mid"", ""looping"": """", ""audio_type"": ""AMBIENCE"", ""event_density"": ""sparse"", ""sao_prompt"": ""Environment: forest | Time: | Weather: light wind | Sounds: birds chirping; leaves rustling | Spatial: open; mid; moderate | Temporal: static; sparse | Acoustics: | Mood: calm | Style: | Details: forest; bird chirping; wind rustling; calm atmosphere; avoid close bird chirps; keep wind speed steady; use wide stereo for leaves rustling | Quality: high-quality, stereo"", ""duration_hint"": """", ""sound_sources_primary"": ""birds chirping"", ""weather"": ""light wind"", ""background_textures"": """", ""recording_style"": """", ""spatial_characteristics"": ""open"", ""sound_sources_secondary"": ""leaves rustling"", ""negative_prompt"": """", ""stereo_width"": ""moderate"", ""acoustic_properties"": """", ""mood"": ""calm"", ""environment"": ""forest"", ""time_of_day"": """", ""cot_trace"": {""loopability_risk"": """", ""spot_layer"": """", ""control_decisions"": [""avoid close bird chirps"", ""keep wind speed steady"", ""use wide stereo for leaves rustling""], ""foreground_background_tendency"": """", ""bed_layer"": """", ""dynamic_layer"": """", ""scene_family"": ""forest"", ""stationarity_variability"": """"}, ""reasoning_tags"": [""bird chirping"", ""wind rustling"", ""calm atmosphere""]}",4.042080763611011e-05,6492141.763097532,,,,,,,,,,
per_audio,cot,nature,1002,outputs/cot/cot_nature_1002.wav,"forest ambience, birds chirping, light wind, leaves rustling, calm atmosphere","Environment: forest | Time: | Weather: light wind | Sounds: birds chirping; leaves rustling | Spatial: open; mid; moderate | Temporal: static; sparse | Acoustics: | Mood: calm | Style: | Details: forest; bird chirping; wind rustling; calm atmosphere; avoid close bird chirps; keep wind speed steady; use wide stereo for leaves rustling | Quality: high-quality, stereo","{""loopability_risk"": """", ""spot_layer"": """", ""control_decisions"": [""avoid close bird chirps"", ""keep wind speed steady"", ""use wide stereo for leaves rustling""], ""foreground_background_tendency"": """", ""bed_layer"": """", ""dynamic_layer"": """", ""scene_family"": ""forest"", ""stationarity_variability"": """"}",bird chirping; wind rustling; calm atmosphere,"{""temporal_evolution"": ""static"", ""immersion_level"": ""background"", ""distance_profile"": ""mid"", ""looping"": """", ""audio_type"": ""AMBIENCE"", ""event_density"": ""sparse"", ""sao_prompt"": ""Environment: forest | Time: | Weather: light wind | Sounds: birds chirping; leaves rustling | Spatial: open; mid; moderate | Temporal: static; sparse | Acoustics: | Mood: calm | Style: | Details: forest; bird chirping; wind rustling; calm atmosphere; avoid close bird chirps; keep wind speed steady; use wide stereo for leaves rustling | Quality: high-quality, stereo"", ""duration_hint"": """", ""sound_sources_primary"": ""birds chirping"", ""weather"": ""light wind"", ""background_textures"": """", ""recording_style"": """", ""spatial_characteristics"": ""open"", ""sound_sources_secondary"": ""leaves rustling"", ""negative_prompt"": """", ""stereo_width"": ""moderate"", ""acoustic_properties"": """", ""mood"": ""calm"", ""environment"": ""forest"", ""time_of_day"": """", ""cot_trace"": {""loopability_risk"": """", ""spot_layer"": """", ""control_decisions"": [""avoid close bird chirps"", ""keep wind speed steady"", ""use wide stereo for leaves rustling""], ""foreground_background_tendency"": """", ""bed_layer"": """", ""dynamic_layer"": """", ""scene_family"": ""forest"", ""stationarity_variability"": """"}, ""reasoning_tags"": [""bird chirping"", ""wind rustling"", ""calm atmosphere""]}",0.0001157291917479597,2467921.991497262,,,,,,,,,,
per_audio,cot,nature,1003,outputs/cot/cot_nature_1003.wav,"forest ambience, birds chirping, light wind, leaves rustling, calm atmosphere","Environment: forest | Time: | Weather: light wind | Sounds: birds chirping; leaves rustling | Spatial: open; mid; moderate | Temporal: static; sparse | Acoustics: | Mood: calm | Style: | Details: forest; bird chirping; wind rustling; calm atmosphere; avoid close bird chirps; keep wind speed steady; use wide stereo for leaves rustling | Quality: high-quality, stereo","{""loopability_risk"": """", ""spot_layer"": """", ""control_decisions"": [""avoid close bird chirps"", ""keep wind speed steady"", ""use wide stereo for leaves rustling""], ""foreground_background_tendency"": """", ""bed_layer"": """", ""dynamic_layer"": """", ""scene_family"": ""forest"", ""stationarity_variability"": """"}",bird chirping; wind rustling; calm atmosphere,"{""temporal_evolution"": ""static"", ""immersion_level"": ""background"", ""distance_profile"": ""mid"", ""looping"": """", ""audio_type"": ""AMBIENCE"", ""event_density"": ""sparse"", ""sao_prompt"": ""Environment: forest | Time: | Weather: light wind | Sounds: birds chirping; leaves rustling | Spatial: open; mid; moderate | Temporal: static; sparse | Acoustics: | Mood: calm | Style: | Details: forest; bird chirping; wind rustling; calm atmosphere; avoid close bird chirps; keep wind speed steady; use wide stereo for leaves rustling | Quality: high-quality, stereo"", ""duration_hint"": """", ""sound_sources_primary"": ""birds chirping"", ""weather"": ""light wind"", ""background_textures"": """", ""recording_style"": """", ""spatial_characteristics"": ""open"", ""sound_sources_secondary"": ""leaves rustling"", ""negative_prompt"": """", ""stereo_width"": ""moderate"", ""acoustic_properties"": """", ""mood"": ""calm"", ""environment"": ""forest"", ""time_of_day"": """", ""cot_trace"": {""loopability_risk"": """", ""spot_layer"": """", ""control_decisions"": [""avoid close bird chirps"", ""keep wind speed steady"", ""use wide stereo for leaves rustling""], ""foreground_background_tendency"": """", ""bed_layer"": """", ""dynamic_layer"": """", ""scene_family"": ""forest"", ""stationarity_variability"": """"}, ""reasoning_tags"": [""bird chirping"", ""wind rustling"", ""calm atmosphere""]}",7.104220276232809e-05,7393700.5189620545,,,,,,,,,,
per_audio,cot,nature,1004,outputs/cot/cot_nature_1004.wav,"forest ambience, birds chirping, light wind, leaves rustling, calm atmosphere","Environment: forest | Time: | Weather: light wind | Sounds: birds chirping; leaves rustling | Spatial: open; mid; moderate | Temporal: static; sparse | Acoustics: | Mood: calm | Style: | Details: forest; bird chirping; wind rustling; calm atmosphere; avoid close bird chirps; keep wind speed steady; use wide stereo for leaves rustling | Quality: high-quality, stereo","{""loopability_risk"": """", ""spot_layer"": """", ""control_decisions"": [""avoid close bird chirps"", ""keep wind speed steady"", ""use wide stereo for leaves rustling""], ""foreground_background_tendency"": """", ""bed_layer"": """", ""dynamic_layer"": """", ""scene_family"": ""forest"", ""stationarity_variability"": """"}",bird chirping; wind rustling; calm atmosphere,"{""temporal_evolution"": ""static"", ""immersion_level"": ""background"", ""distance_profile"": ""mid"", ""looping"": """", ""audio_type"": ""AMBIENCE"", ""event_density"": ""sparse"", ""sao_prompt"": ""Environment: forest | Time: | Weather: light wind | Sounds: birds chirping; leaves rustling | Spatial: open; mid; moderate | Temporal: static; sparse | Acoustics: | Mood: calm | Style: | Details: forest; bird chirping; wind rustling; calm atmosphere; avoid close bird chirps; keep wind speed steady; use wide stereo for leaves rustling | Quality: high-quality, stereo"", ""duration_hint"": """", ""sound_sources_primary"": ""birds chirping"", ""weather"": ""light wind"", ""background_textures"": """", ""recording_style"": """", ""spatial_characteristics"": ""open"", ""sound_sources_secondary"": ""leaves rustling"", ""negative_prompt"": """", ""stereo_width"": ""moderate"", ""acoustic_properties"": """", ""mood"": ""calm"", ""environment"": ""forest"", ""time_of_day"": """", ""cot_trace"": {""loopability_risk"": """", ""spot_layer"": """", ""control_decisions"": [""avoid close bird chirps"", ""keep wind speed steady"", ""use wide stereo for leaves rustling""], ""foreground_background_tendency"": """", ""bed_layer"": """", ""dynamic_layer"": """", ""scene_family"": ""forest"", ""stationarity_variability"": """"}, ""reasoning_tags"": [""bird chirping"", ""wind rustling"", ""calm atmosphere""]}",2.4679682610440068e-05,6702342.02121511,,,,,,,,,,
per_audio,baseline,urban,1000,outputs/baseline/baseline_urban_1000.wav,"night city ambience, distant traffic, occasional siren, quiet streets, calm mood","night city ambience, distant traffic, occasional siren, quiet streets, calm mood",,,,0.006213758140802383,6158810.000023806,,,,,,,,,,
per_audio,baseline,urban,1001,outputs/baseline/baseline_urban_1001.wav,"night city ambience, distant traffic, occasional siren, quiet streets, calm mood","night city ambience, distant traffic, occasional siren, quiet streets, calm mood",,,,0.00451141269877553,6895444.643767342,,,,,,,,,,
per_audio,baseline,urban,1002,outputs/baseline/baseline_urban_1002.wav,"night city ambience, distant traffic, occasional siren, quiet streets, calm mood","night city ambience, distant traffic, occasional siren, quiet streets, calm mood",,,,0.012248852290213108,8923201.65658732,,,,,,,,,,
per_audio,baseline,urban,1003,outputs/baseline/baseline_urban_1003.wav,"night city ambience, distant traffic, occasional siren, quiet streets, calm mood","night city ambience, distant traffic, occasional siren, quiet streets, calm mood",,,,0.006080322898924351,4030987.0835992955,,,,,,,,,,
per_audio,baseline,urban,1004,outputs/baseline/baseline_urban_1004.wav,"night city ambience, distant traffic, occasional siren, quiet streets, calm mood","night city ambience, distant traffic, occasional siren, quiet streets, calm mood",,,,0.008698757737874985,3729976.471893399,,,,,,,,,,
per_audio,structured,urban,1000,outputs/structured/structured_urban_1000.wav,"night city ambience, distant traffic, occasional siren, quiet streets, calm mood","Environment: city | Time: night | Weather: clear | Sounds: distant traffic; occasional siren | Spatial: quiet streets; far | Temporal: static; sparse | Acoustics: | Mood: calm | Style: | Details: | Quality: high-quality, stereo",,,"{""temporal_evolution"": ""static"", ""immersion_level"": ""background"", ""distance_profile"": ""far"", ""looping"": """", ""audio_type"": ""AMBIENCE"", ""event_density"": ""sparse"", ""sao_prompt"": ""Environment: city | Time: night | Weather: clear | Sounds: distant traffic; occasional siren | Spatial: quiet streets; far | Temporal: static; sparse | Acoustics: | Mood: calm | Style: | Details: | Quality: high-quality, stereo"", ""duration_hint"": """", ""sound_sources_primary"": ""distant traffic"", ""weather"": ""clear"", ""background_textures"": """", ""recording_style"": """", ""spatial_characteristics"": ""quiet streets"", ""sound_sources_secondary"": ""occasional siren"", ""negative_prompt"": """", ""stereo_width"": """", ""acoustic_properties"": """", ""mood"": ""calm"", ""environment"": ""city"", ""time_of_day"": ""night""}",0.0012230138527229428,7910212.695868581,,,,,,,,,,
per_audio,structured,urban,1001,outputs/structured/structured_urban_1001.wav,"night city ambience, distant traffic, occasional siren, quiet streets, calm mood","Environment: city | Time: night | Weather: clear | Sounds: distant traffic; occasional siren | Spatial: quiet streets; far | Temporal: static; sparse | Acoustics: | Mood: calm | Style: | Details: | Quality: high-quality, stereo",,,"{""temporal_evolution"": ""static"", ""immersion_level"": ""background"", ""distance_profile"": ""far"", ""looping"": """", ""audio_type"": ""AMBIENCE"", ""event_density"": ""sparse"", ""sao_prompt"": ""Environment: city | Time: night | Weather: clear | Sounds: distant traffic; occasional siren | Spatial: quiet streets; far | Temporal: static; sparse | Acoustics: | Mood: calm | Style: | Details: | Quality: high-quality, stereo"", ""duration_hint"": """", ""sound_sources_primary"": ""distant traffic"", ""weather"": ""clear"", ""background_textures"": """", ""recording_style"": """", ""spatial_characteristics"": ""quiet streets"", ""sound_sources_secondary"": ""occasional siren"", ""negative_prompt"": """", ""stereo_width"": """", ""acoustic_properties"": """", ""mood"": ""calm"", ""environment"": ""city"", ""time_of_day"": ""night""}",0.002613274846225977,9814975.411254523,,,,,,,,,,
per_audio,structured,urban,1002,outputs/structured/structured_urban_1002.wav,"night city ambience, distant traffic, occasional siren, quiet streets, calm mood","Environment: city | Time: night | Weather: clear | Sounds: distant traffic; occasional siren | Spatial: quiet streets; far | Temporal: static; sparse | Acoustics: | Mood: calm | Style: | Details: | Quality: high-quality, stereo",,,"{""temporal_evolution"": ""static"", ""immersion_level"": ""background"", ""distance_profile"": ""far"", ""looping"": """", ""audio_type"": ""AMBIENCE"", ""event_density"": ""sparse"", ""sao_prompt"": ""Environment: city | Time: night | Weather: clear | Sounds: distant traffic; occasional siren | Spatial: quiet streets; far | Temporal: static; sparse | Acoustics: | Mood: calm | Style: | Details: | Quality: high-quality, stereo"", ""duration_hint"": """", ""sound_sources_primary"": ""distant traffic"", ""weather"": ""clear"", ""background_textures"": """", ""recording_style"": """", ""spatial_characteristics"": ""quiet streets"", ""sound_sources_secondary"": ""occasional siren"", ""negative_prompt"": """", ""stereo_width"": """", ""acoustic_properties"": """", ""mood"": ""calm"", ""environment"": ""city"", ""time_of_day"": ""night""}",0.0020757699385285378,8964248.320977798,,,,,,,,,,
per_audio,structured,urban,1003,outputs/structured/structured_urban_1003.wav,"night city ambience, distant traffic, occasional siren, quiet streets, calm mood","Environment: city | Time: night | Weather: clear | Sounds: distant traffic; occasional siren | Spatial: quiet streets; far | Temporal: static; sparse | Acoustics: | Mood: calm | Style: | Details: | Quality: high-quality, stereo",,,"{""temporal_evolution"": ""static"", ""immersion_level"": ""background"", ""distance_profile"": ""far"", ""looping"": """", ""audio_type"": ""AMBIENCE"", ""event_density"": ""sparse"", ""sao_prompt"": ""Environment: city | Time: night | Weather: clear | Sounds: distant traffic; occasional siren | Spatial: quiet streets; far | Temporal: static; sparse | Acoustics: | Mood: calm | Style: | Details: | Quality: high-quality, stereo"", ""duration_hint"": """", ""sound_sources_primary"": ""distant traffic"", ""weather"": ""clear"", ""background_textures"": """", ""recording_style"": """", ""spatial_characteristics"": ""quiet streets"", ""sound_sources_secondary"": ""occasional siren"", ""negative_prompt"": """", ""stereo_width"": """", ""acoustic_properties"": """", ""mood"": ""calm"", ""environment"": ""city"", ""time_of_day"": ""night""}",0.002766211284324527,5880254.466778162,,,,,,,,,,
per_audio,structured,urban,1004,outputs/structured/structured_urban_1004.wav,"night city ambience, distant traffic, occasional siren, quiet streets, calm mood","Environment: city | Time: night | Weather: clear | Sounds: distant traffic; occasional siren | Spatial: quiet streets; far | Temporal: static; sparse | Acoustics: | Mood: calm | Style: | Details: | Quality: high-quality, stereo",,,"{""temporal_evolution"": ""static"", ""immersion_level"": ""background"", ""distance_profile"": ""far"", ""looping"": """", ""audio_type"": ""AMBIENCE"", ""event_density"": ""sparse"", ""sao_prompt"": ""Environment: city | Time: night | Weather: clear | Sounds: distant traffic; occasional siren | Spatial: quiet streets; far | Temporal: static; sparse | Acoustics: | Mood: calm | Style: | Details: | Quality: high-quality, stereo"", ""duration_hint"": """", ""sound_sources_primary"": ""distant traffic"", ""weather"": ""clear"", ""background_textures"": """", ""recording_style"": """", ""spatial_characteristics"": ""quiet streets"", ""sound_sources_secondary"": ""occasional siren"", ""negative_prompt"": """", ""stereo_width"": """", ""acoustic_properties"": """", ""mood"": ""calm"", ""environment"": ""city"", ""time_of_day"": ""night""}",0.0030106117483228445,16659236.902211322,,,,,,,,,,
per_audio,cot,urban,1000,outputs/cot/cot_urban_1000.wav,"night city ambience, distant traffic, occasional siren, quiet streets, calm mood","Environment: city | Time: night | Weather: clear | Sounds: distant traffic; occasional siren | Spatial: quiet streets; far; moderate | Temporal: static; sparse | Acoustics: | Mood: calm | Style: | Details: city; calm; low; low; calm; city; distant traffic; occasional siren; quiet streets; avoid close traffic noise; minimize siren exposure; use wide stereo for distant traffic | Quality: high-quality, stereo","{""loopability_risk"": ""low"", ""spot_layer"": """", ""control_decisions"": [""avoid close traffic noise"", ""minimize siren exposure"", ""use wide stereo for distant traffic""], ""foreground_background_tendency"": ""calm"", ""bed_layer"": """", ""dynamic_layer"": """", ""scene_family"": ""city"", ""stationarity_variability"": ""low""}",calm; city; distant traffic; occasional siren; quiet streets,"{""temporal_evolution"": ""static"", ""immersion_level"": ""background"", ""distance_profile"": ""far"", ""looping"": """", ""audio_type"": ""AMBIENCE"", ""event_density"": ""sparse"", ""sao_prompt"": ""Environment: city | Time: night | Weather: clear | Sounds: distant traffic; occasional siren | Spatial: quiet streets; far; moderate | Temporal: static; sparse | Acoustics: | Mood: calm | Style: | Details: city; calm; low; low; calm; city; distant traffic; occasional siren; quiet streets; avoid close traffic noise; minimize siren exposure; use wide stereo for distant traffic | Quality: high-quality, stereo"", ""duration_hint"": """", ""sound_sources_primary"": ""distant traffic"", ""weather"": ""clear"", ""background_textures"": """", ""recording_style"": """", ""spatial_characteristics"": ""quiet streets"", ""sound_sources_secondary"": ""occasional siren"", ""negative_prompt"": """", ""stereo_width"": ""moderate"", ""acoustic_properties"": """", ""mood"": ""calm"", ""environment"": ""city"", ""time_of_day"": ""night"", ""cot_trace"": {""loopability_risk"": ""low"", ""spot_layer"": """", ""control_decisions"": [""avoid close traffic noise"", ""minimize siren exposure"", ""use wide stereo for distant traffic""], ""foreground_background_tendency"": ""calm"", ""bed_layer"": """", ""dynamic_layer"": """", ""scene_family"": ""city"", ""stationarity_variability"": ""low""}, ""reasoning_tags"": [""calm"", ""city"", ""distant traffic"", ""occasional siren"", ""quiet streets""]}",0.0017107899766415358,10049037.82373335,,,,,,,,,,
per_audio,cot,urban,1001,outputs/cot/cot_urban_1001.wav,"night city ambience, distant traffic, occasional siren, quiet streets, calm mood","Environment: city | Time: night | Weather: clear | Sounds: distant traffic; occasional siren | Spatial: quiet streets; far; moderate | Temporal: static; sparse | Acoustics: | Mood: calm | Style: | Details: city; calm; low; low; calm; city; distant traffic; occasional siren; quiet streets; avoid close traffic noise; minimize siren exposure; use wide stereo for distant traffic | Quality: high-quality, stereo","{""loopability_risk"": ""low"", ""spot_layer"": """", ""control_decisions"": [""avoid close traffic noise"", ""minimize siren exposure"", ""use wide stereo for distant traffic""], ""foreground_background_tendency"": ""calm"", ""bed_layer"": """", ""dynamic_layer"": """", ""scene_family"": ""city"", ""stationarity_variability"": ""low""}",calm; city; distant traffic; occasional siren; quiet streets,"{""temporal_evolution"": ""static"", ""immersion_level"": ""background"", ""distance_profile"": ""far"", ""looping"": """", ""audio_type"": ""AMBIENCE"", ""event_density"": ""sparse"", ""sao_prompt"": ""Environment: city | Time: night | Weather: clear | Sounds: distant traffic; occasional siren | Spatial: quiet streets; far; moderate | Temporal: static; sparse | Acoustics: | Mood: calm | Style: | Details: city; calm; low; low; calm; city; distant traffic; occasional siren; quiet streets; avoid close traffic noise; minimize siren exposure; use wide stereo for distant traffic | Quality: high-quality, stereo"", ""duration_hint"": """", ""sound_sources_primary"": ""distant traffic"", ""weather"": ""clear"", ""background_textures"": """", ""recording_style"": """", ""spatial_characteristics"": ""quiet streets"", ""sound_sources_secondary"": ""occasional siren"", ""negative_prompt"": """", ""stereo_width"": ""moderate"", ""acoustic_properties"": """", ""mood"": ""calm"", ""environment"": ""city"", ""time_of_day"": ""night"", ""cot_trace"": {""loopability_risk"": ""low"", ""spot_layer"": """", ""control_decisions"": [""avoid close traffic noise"", ""minimize siren exposure"", ""use wide stereo for distant traffic""], ""foreground_background_tendency"": ""calm"", ""bed_layer"": """", ""dynamic_layer"": """", ""scene_family"": ""city"", ""stationarity_variability"": ""low""}, ""reasoning_tags"": [""calm"", ""city"", ""distant traffic"", ""occasional siren"", ""quiet streets""]}",0.0015604246873408556,1653182.2773662386,,,,,,,,,,
per_audio,cot,urban,1002,outputs/cot/cot_urban_1002.wav,"night city ambience, distant traffic, occasional siren, quiet streets, calm mood","Environment: city | Time: night | Weather: clear | Sounds: distant traffic; occasional siren | Spatial: quiet streets; far; moderate | Temporal: static; sparse | Acoustics: | Mood: calm | Style: | Details: city; calm; low; low; calm; city; distant traffic; occasional siren; quiet streets; avoid close traffic noise; minimize siren exposure; use wide stereo for distant traffic | Quality: high-quality, stereo","{""loopability_risk"": ""low"", ""spot_layer"": """", ""control_decisions"": [""avoid close traffic noise"", ""minimize siren exposure"", ""use wide stereo for distant traffic""], ""foreground_background_tendency"": ""calm"", ""bed_layer"": """", ""dynamic_layer"": """", ""scene_family"": ""city"", ""stationarity_variability"": ""low""}",calm; city; distant traffic; occasional siren; quiet streets,"{""temporal_evolution"": ""static"", ""immersion_level"": ""background"", ""distance_profile"": ""far"", ""looping"": """", ""audio_type"": ""AMBIENCE"", ""event_density"": ""sparse"", ""sao_prompt"": ""Environment: city | Time: night | Weather: clear | Sounds: distant traffic; occasional siren | Spatial: quiet streets; far; moderate | Temporal: static; sparse | Acoustics: | Mood: calm | Style: | Details: city; calm; low; low; calm; city; distant traffic; occasional siren; quiet streets; avoid close traffic noise; minimize siren exposure; use wide stereo for distant traffic | Quality: high-quality, stereo"", ""duration_hint"": """", ""sound_sources_primary"": ""distant traffic"", ""weather"": ""clear"", ""background_textures"": """", ""recording_style"": """", ""spatial_characteristics"": ""quiet streets"", ""sound_sources_secondary"": ""occasional siren"", ""negative_prompt"": """", ""stereo_width"": ""moderate"", ""acoustic_properties"": """", ""mood"": ""calm"", ""environment"": ""city"", ""time_of_day"": ""night"", ""cot_trace"": {""loopability_risk"": ""low"", ""spot_layer"": """", ""control_decisions"": [""avoid close traffic noise"", ""minimize siren exposure"", ""use wide stereo for distant traffic""], ""foreground_background_tendency"": ""calm"", ""bed_layer"": """", ""dynamic_layer"": """", ""scene_family"": ""city"", ""stationarity_variability"": ""low""}, ""reasoning_tags"": [""calm"", ""city"", ""distant traffic"", ""occasional siren"", ""quiet streets""]}",0.0027378045488148928,10500004.477437144,,,,,,,,,,
per_audio,cot,urban,1003,outputs/cot/cot_urban_1003.wav,"night city ambience, distant traffic, occasional siren, quiet streets, calm mood","Environment: city | Time: night | Weather: clear | Sounds: distant traffic; occasional siren | Spatial: quiet streets; far; moderate | Temporal: static; sparse | Acoustics: | Mood: calm | Style: | Details: city; calm; low; low; calm; city; distant traffic; occasional siren; quiet streets; avoid close traffic noise; minimize siren exposure; use wide stereo for distant traffic | Quality: high-quality, stereo","{""loopability_risk"": ""low"", ""spot_layer"": """", ""control_decisions"": [""avoid close traffic noise"", ""minimize siren exposure"", ""use wide stereo for distant traffic""], ""foreground_background_tendency"": ""calm"", ""bed_layer"": """", ""dynamic_layer"": """", ""scene_family"": ""city"", ""stationarity_variability"": ""low""}",calm; city; distant traffic; occasional siren; quiet streets,"{""temporal_evolution"": ""static"", ""immersion_level"": ""background"", ""distance_profile"": ""far"", ""looping"": """", ""audio_type"": ""AMBIENCE"", ""event_density"": ""sparse"", ""sao_prompt"": ""Environment: city | Time: night | Weather: clear | Sounds: distant traffic; occasional siren | Spatial: quiet streets; far; moderate | Temporal: static; sparse | Acoustics: | Mood: calm | Style: | Details: city; calm; low; low; calm; city; distant traffic; occasional siren; quiet streets; avoid close traffic noise; minimize siren exposure; use wide stereo for distant traffic | Quality: high-quality, stereo"", ""duration_hint"": """", ""sound_sources_primary"": ""distant traffic"", ""weather"": ""clear"", ""background_textures"": """", ""recording_style"": """", ""spatial_characteristics"": ""quiet streets"", ""sound_sources_secondary"": ""occasional siren"", ""negative_prompt"": """", ""stereo_width"": ""moderate"", ""acoustic_properties"": """", ""mood"": ""calm"", ""environment"": ""city"", ""time_of_day"": ""night"", ""cot_trace"": {""loopability_risk"": ""low"", ""spot_layer"": """", ""control_decisions"": [""avoid close traffic noise"", ""minimize siren exposure"", ""use wide stereo for distant traffic""], ""foreground_background_tendency"": ""calm"", ""bed_layer"": """", ""dynamic_layer"": """", ""scene_family"": ""city"", ""stationarity_variability"": ""low""}, ""reasoning_tags"": [""calm"", ""city"", ""distant traffic"", ""occasional siren"", ""quiet streets""]}",0.002175666857510805,3349709.951592018,,,,,,,,,,
per_audio,cot,urban,1004,outputs/cot/cot_urban_1004.wav,"night city ambience, distant traffic, occasional siren, quiet streets, calm mood","Environment: city | Time: night | Weather: clear | Sounds: distant traffic; occasional siren | Spatial: quiet streets; far; moderate | Temporal: static; sparse | Acoustics: | Mood: calm | Style: | Details: city; calm; low; low; calm; city; distant traffic; occasional siren; quiet streets; avoid close traffic noise; minimize siren exposure; use wide stereo for distant traffic | Quality: high-quality, stereo","{""loopability_risk"": ""low"", ""spot_layer"": """", ""control_decisions"": [""avoid close traffic noise"", ""minimize siren exposure"", ""use wide stereo for distant traffic""], ""foreground_background_tendency"": ""calm"", ""bed_layer"": """", ""dynamic_layer"": """", ""scene_family"": ""city"", ""stationarity_variability"": ""low""}",calm; city; distant traffic; occasional siren; quiet streets,"{""temporal_evolution"": ""static"", ""immersion_level"": ""background"", ""distance_profile"": ""far"", ""looping"": """", ""audio_type"": ""AMBIENCE"", ""event_density"": ""sparse"", ""sao_prompt"": ""Environment: city | Time: night | Weather: clear | Sounds: distant traffic; occasional siren | Spatial: quiet streets; far; moderate | Temporal: static; sparse | Acoustics: | Mood: calm | Style: | Details: city; calm; low; low; calm; city; distant traffic; occasional siren; quiet streets; avoid close traffic noise; minimize siren exposure; use wide stereo for distant traffic | Quality: high-quality, stereo"", ""duration_hint"": """", ""sound_sources_primary"": ""distant traffic"", ""weather"": ""clear"", ""background_textures"": """", ""recording_style"": """", ""spatial_characteristics"": ""quiet streets"", ""sound_sources_secondary"": ""occasional siren"", ""negative_prompt"": """", ""stereo_width"": ""moderate"", ""acoustic_properties"": """", ""mood"": ""calm"", ""environment"": ""city"", ""time_of_day"": ""night"", ""cot_trace"": {""loopability_risk"": ""low"", ""spot_layer"": """", ""control_decisions"": [""avoid close traffic noise"", ""minimize siren exposure"", ""use wide stereo for distant traffic""], ""foreground_background_tendency"": ""calm"", ""bed_layer"": """", ""dynamic_layer"": """", ""scene_family"": ""city"", ""stationarity_variability"": ""low""}, ""reasoning_tags"": [""calm"", ""city"", ""distant traffic"", ""occasional siren"", ""quiet streets""]}",0.001828779117204249,1312909.4762674847,,,,,,,,,,
per_audio,baseline,indoor,1000,outputs/baseline/baseline_indoor_1000.wav,"library ambience, page turning, soft footsteps, quiet environment, low noise","library ambience, page turning, soft footsteps, quiet environment, low noise",,,,0.001553318346850574,2540355.6438197703,,,,,,,,,,
per_audio,baseline,indoor,1001,outputs/baseline/baseline_indoor_1001.wav,"library ambience, page turning, soft footsteps, quiet environment, low noise","library ambience, page turning, soft footsteps, quiet environment, low noise",,,,0.001112129888497293,5268018.58812463,,,,,,,,,,
per_audio,baseline,indoor,1002,outputs/baseline/baseline_indoor_1002.wav,"library ambience, page turning, soft footsteps, quiet environment, low noise","library ambience, page turning, soft footsteps, quiet environment, low noise",,,,0.00011493197234813124,2207658.175000939,,,,,,,,,,
per_audio,baseline,indoor,1003,outputs/baseline/baseline_indoor_1003.wav,"library ambience, page turning, soft footsteps, quiet environment, low noise","library ambience, page turning, soft footsteps, quiet environment, low noise",,,,0.0004878856707364321,2757760.3170052352,,,,,,,,,,
per_audio,baseline,indoor,1004,outputs/baseline/baseline_indoor_1004.wav,"library ambience, page turning, soft footsteps, quiet environment, low noise","library ambience, page turning, soft footsteps, quiet environment, low noise",,,,0.0006075045675970614,6214787.915466165,,,,,,,,,,
per_audio,structured,indoor,1000,outputs/structured/structured_indoor_1000.wav,"library ambience, page turning, soft footsteps, quiet environment, low noise","Environment: | Time: | Weather: | Sounds: page turning; soft footsteps | Spatial: quiet environment; low noise | Temporal: | Acoustics: | Mood: | Style: | Details: | Quality: high-quality, stereo",,,"{""temporal_evolution"": """", ""immersion_level"": """", ""distance_profile"": ""low noise"", ""looping"": """", ""audio_type"": ""AMBIENCE"", ""event_density"": """", ""sao_prompt"": ""Environment: | Time: | Weather: | Sounds: page turning; soft footsteps | Spatial: quiet environment; low noise | Temporal: | Acoustics: | Mood: | Style: | Details: | Quality: high-quality, stereo"", ""duration_hint"": """", ""sound_sources_primary"": ""page turning"", ""weather"": """", ""background_textures"": """", ""recording_style"": """", ""spatial_characteristics"": ""quiet environment"", ""sound_sources_secondary"": ""soft footsteps"", ""negative_prompt"": """", ""stereo_width"": """", ""acoustic_properties"": """", ""mood"": """", ""environment"": """", ""time_of_day"": """"}",8.57504564919509e-05,8587669.99526739,,,,,,,,,,
per_audio,structured,indoor,1001,outputs/structured/structured_indoor_1001.wav,"library ambience, page turning, soft footsteps, quiet environment, low noise","Environment: | Time: | Weather: | Sounds: page turning; soft footsteps | Spatial: quiet environment; low noise | Temporal: | Acoustics: | Mood: | Style: | Details: | Quality: high-quality, stereo",,,"{""temporal_evolution"": """", ""immersion_level"": """", ""distance_profile"": ""low noise"", ""looping"": """", ""audio_type"": ""AMBIENCE"", ""event_density"": """", ""sao_prompt"": ""Environment: | Time: | Weather: | Sounds: page turning; soft footsteps | Spatial: quiet environment; low noise | Temporal: | Acoustics: | Mood: | Style: | Details: | Quality: high-quality, stereo"", ""duration_hint"": """", ""sound_sources_primary"": ""page turning"", ""weather"": """", ""background_textures"": """", ""recording_style"": """", ""spatial_characteristics"": ""quiet environment"", ""sound_sources_secondary"": ""soft footsteps"", ""negative_prompt"": """", ""stereo_width"": """", ""acoustic_properties"": """", ""mood"": """", ""environment"": """", ""time_of_day"": """"}",0.0005019883974455297,7345713.4501764905,,,,,,,,,,
per_audio,structured,indoor,1002,outputs/structured/structured_indoor_1002.wav,"library ambience, page turning, soft footsteps, quiet environment, low noise","Environment: | Time: | Weather: | Sounds: page turning; soft footsteps | Spatial: quiet environment; low noise | Temporal: | Acoustics: | Mood: | Style: | Details: | Quality: high-quality, stereo",,,"{""temporal_evolution"": """", ""immersion_level"": """", ""distance_profile"": ""low noise"", ""looping"": """", ""audio_type"": ""AMBIENCE"", ""event_density"": """", ""sao_prompt"": ""Environment: | Time: | Weather: | Sounds: page turning; soft footsteps | Spatial: quiet environment; low noise | Temporal: | Acoustics: | Mood: | Style: | Details: | Quality: high-quality, stereo"", ""duration_hint"": """", ""sound_sources_primary"": ""page turning"", ""weather"": """", ""background_textures"": """", ""recording_style"": """", ""spatial_characteristics"": ""quiet environment"", ""sound_sources_secondary"": ""soft footsteps"", ""negative_prompt"": """", ""stereo_width"": """", ""acoustic_properties"": """", ""mood"": """", ""environment"": """", ""time_of_day"": """"}",0.0001303945027757436,4894509.536969824,,,,,,,,,,
per_audio,structured,indoor,1003,outputs/structured/structured_indoor_1003.wav,"library ambience, page turning, soft footsteps, quiet environment, low noise","Environment: | Time: | Weather: | Sounds: page turning; soft footsteps | Spatial: quiet environment; low noise | Temporal: | Acoustics: | Mood: | Style: | Details: | Quality: high-quality, stereo",,,"{""temporal_evolution"": """", ""immersion_level"": """", ""distance_profile"": ""low noise"", ""looping"": """", ""audio_type"": ""AMBIENCE"", ""event_density"": """", ""sao_prompt"": ""Environment: | Time: | Weather: | Sounds: page turning; soft footsteps | Spatial: quiet environment; low noise | Temporal: | Acoustics: | Mood: | Style: | Details: | Quality: high-quality, stereo"", ""duration_hint"": """", ""sound_sources_primary"": ""page turning"", ""weather"": """", ""background_textures"": """", ""recording_style"": """", ""spatial_characteristics"": ""quiet environment"", ""sound_sources_secondary"": ""soft footsteps"", ""negative_prompt"": """", ""stereo_width"": """", ""acoustic_properties"": """", ""mood"": """", ""environment"": """", ""time_of_day"": """"}",0.0003982051566708833,7857585.010343361,,,,,,,,,,
per_audio,structured,indoor,1004,outputs/structured/structured_indoor_1004.wav,"library ambience, page turning, soft footsteps, quiet environment, low noise","Environment: | Time: | Weather: | Sounds: page turning; soft footsteps | Spatial: quiet environment; low noise | Temporal: | Acoustics: | Mood: | Style: | Details: | Quality: high-quality, stereo",,,"{""temporal_evolution"": """", ""immersion_level"": """", ""distance_profile"": ""low noise"", ""looping"": """", ""audio_type"": ""AMBIENCE"", ""event_density"": """", ""sao_prompt"": ""Environment: | Time: | Weather: | Sounds: page turning; soft footsteps | Spatial: quiet environment; low noise | Temporal: | Acoustics: | Mood: | Style: | Details: | Quality: high-quality, stereo"", ""duration_hint"": """", ""sound_sources_primary"": ""page turning"", ""weather"": """", ""background_textures"": """", ""recording_style"": """", ""spatial_characteristics"": ""quiet environment"", ""sound_sources_secondary"": ""soft footsteps"", ""negative_prompt"": """", ""stereo_width"": """", ""acoustic_properties"": """", ""mood"": """", ""environment"": """", ""time_of_day"": """"}",0.00034361000871285796,5827061.097939141,,,,,,,,,,
per_audio,cot,indoor,1000,outputs/cot/cot_indoor_1000.wav,"library ambience, page turning, soft footsteps, quiet environment, low noise","Environment: indoor built environment | Time: | Weather: | Sounds: page turning; soft footsteps | Spatial: quiet environment; close; moderate | Temporal: static; sparse | Acoustics: | Mood: calm | Style: | Details: indoor built environment; quiet environment; low noise; page turning; soft footsteps; minimize page turning noise; use soft floor materials to reduce footsteps noise; place sound sources away from the listener | Quality: high-quality, stereo","{""loopability_risk"": """", ""spot_layer"": """", ""control_decisions"": [""minimize page turning noise"", ""use soft floor materials to reduce footsteps noise"", ""place sound sources away from the listener""], ""foreground_background_tendency"": """", ""bed_layer"": """", ""dynamic_layer"": """", ""scene_family"": ""indoor built environment"", ""stationarity_variability"": """"}",quiet environment; low noise; page turning; soft footsteps,"{""temporal_evolution"": ""static"", ""immersion_level"": ""background"", ""distance_profile"": ""close"", ""looping"": """", ""audio_type"": ""AMBIENCE"", ""event_density"": ""sparse"", ""sao_prompt"": ""Environment: indoor built environment | Time: | Weather: | Sounds: page turning; soft footsteps | Spatial: quiet environment; close; moderate | Temporal: static; sparse | Acoustics: | Mood: calm | Style: | Details: indoor built environment; quiet environment; low noise; page turning; soft footsteps; minimize page turning noise; use soft floor materials to reduce footsteps noise; place sound sources away from the listener | Quality: high-quality, stereo"", ""duration_hint"": """", ""sound_sources_primary"": ""page turning"", ""weather"": """", ""background_textures"": """", ""recording_style"": """", ""spatial_characteristics"": ""quiet environment"", ""sound_sources_secondary"": ""soft footsteps"", ""negative_prompt"": """", ""stereo_width"": ""moderate"", ""acoustic_properties"": """", ""mood"": ""calm"", ""environment"": ""indoor built environment"", ""time_of_day"": """", ""cot_trace"": {""loopability_risk"": """", ""spot_layer"": """", ""control_decisions"": [""minimize page turning noise"", ""use soft floor materials to reduce footsteps noise"", ""place sound sources away from the listener""], ""foreground_background_tendency"": """", ""bed_layer"": """", ""dynamic_layer"": """", ""scene_family"": ""indoor built environment"", ""stationarity_variability"": """"}, ""reasoning_tags"": [""quiet environment"", ""low noise"", ""page turning"", ""soft footsteps""]}",7.851864211261272e-05,7106308.456649788,,,,,,,,,,
per_audio,cot,indoor,1001,outputs/cot/cot_indoor_1001.wav,"library ambience, page turning, soft footsteps, quiet environment, low noise","Environment: indoor built environment | Time: | Weather: | Sounds: page turning; soft footsteps | Spatial: quiet environment; close; moderate | Temporal: static; sparse | Acoustics: | Mood: calm | Style: | Details: indoor built environment; quiet environment; low noise; page turning; soft footsteps; minimize page turning noise; use soft floor materials to reduce footsteps noise; place sound sources away from the listener | Quality: high-quality, stereo","{""loopability_risk"": """", ""spot_layer"": """", ""control_decisions"": [""minimize page turning noise"", ""use soft floor materials to reduce footsteps noise"", ""place sound sources away from the listener""], ""foreground_background_tendency"": """", ""bed_layer"": """", ""dynamic_layer"": """", ""scene_family"": ""indoor built environment"", ""stationarity_variability"": """"}",quiet environment; low noise; page turning; soft footsteps,"{""temporal_evolution"": ""static"", ""immersion_level"": ""background"", ""distance_profile"": ""close"", ""looping"": """", ""audio_type"": ""AMBIENCE"", ""event_density"": ""sparse"", ""sao_prompt"": ""Environment: indoor built environment | Time: | Weather: | Sounds: page turning; soft footsteps | Spatial: quiet environment; close; moderate | Temporal: static; sparse | Acoustics: | Mood: calm | Style: | Details: indoor built environment; quiet environment; low noise; page turning; soft footsteps; minimize page turning noise; use soft floor materials to reduce footsteps noise; place sound sources away from the listener | Quality: high-quality, stereo"", ""duration_hint"": """", ""sound_sources_primary"": ""page turning"", ""weather"": """", ""background_textures"": """", ""recording_style"": """", ""spatial_characteristics"": ""quiet environment"", ""sound_sources_secondary"": ""soft footsteps"", ""negative_prompt"": """", ""stereo_width"": ""moderate"", ""acoustic_properties"": """", ""mood"": ""calm"", ""environment"": ""indoor built environment"", ""time_of_day"": """", ""cot_trace"": {""loopability_risk"": """", ""spot_layer"": """", ""control_decisions"": [""minimize page turning noise"", ""use soft floor materials to reduce footsteps noise"", ""place sound sources away from the listener""], ""foreground_background_tendency"": """", ""bed_layer"": """", ""dynamic_layer"": """", ""scene_family"": ""indoor built environment"", ""stationarity_variability"": """"}, ""reasoning_tags"": [""quiet environment"", ""low noise"", ""page turning"", ""soft footsteps""]}",0.0001289112988160923,2710129.176403691,,,,,,,,,,
per_audio,cot,indoor,1002,outputs/cot/cot_indoor_1002.wav,"library ambience, page turning, soft footsteps, quiet environment, low noise","Environment: indoor built environment | Time: | Weather: | Sounds: page turning; soft footsteps | Spatial: quiet environment; close; moderate | Temporal: static; sparse | Acoustics: | Mood: calm | Style: | Details: indoor built environment; quiet environment; low noise; page turning; soft footsteps; minimize page turning noise; use soft floor materials to reduce footsteps noise; place sound sources away from the listener | Quality: high-quality, stereo","{""loopability_risk"": """", ""spot_layer"": """", ""control_decisions"": [""minimize page turning noise"", ""use soft floor materials to reduce footsteps noise"", ""place sound sources away from the listener""], ""foreground_background_tendency"": """", ""bed_layer"": """", ""dynamic_layer"": """", ""scene_family"": ""indoor built environment"", ""stationarity_variability"": """"}",quiet environment; low noise; page turning; soft footsteps,"{""temporal_evolution"": ""static"", ""immersion_level"": ""background"", ""distance_profile"": ""close"", ""looping"": """", ""audio_type"": ""AMBIENCE"", ""event_density"": ""sparse"", ""sao_prompt"": ""Environment: indoor built environment | Time: | Weather: | Sounds: page turning; soft footsteps | Spatial: quiet environment; close; moderate | Temporal: static; sparse | Acoustics: | Mood: calm | Style: | Details: indoor built environment; quiet environment; low noise; page turning; soft footsteps; minimize page turning noise; use soft floor materials to reduce footsteps noise; place sound sources away from the listener | Quality: high-quality, stereo"", ""duration_hint"": """", ""sound_sources_primary"": ""page turning"", ""weather"": """", ""background_textures"": """", ""recording_style"": """", ""spatial_characteristics"": ""quiet environment"", ""sound_sources_secondary"": ""soft footsteps"", ""negative_prompt"": """", ""stereo_width"": ""moderate"", ""acoustic_properties"": """", ""mood"": ""calm"", ""environment"": ""indoor built environment"", ""time_of_day"": """", ""cot_trace"": {""loopability_risk"": """", ""spot_layer"": """", ""control_decisions"": [""minimize page turning noise"", ""use soft floor materials to reduce footsteps noise"", ""place sound sources away from the listener""], ""foreground_background_tendency"": """", ""bed_layer"": """", ""dynamic_layer"": """", ""scene_family"": ""indoor built environment"", ""stationarity_variability"": """"}, ""reasoning_tags"": [""quiet environment"", ""low noise"", ""page turning"", ""soft footsteps""]}",0.00011886322317877784,9007511.950862011,,,,,,,,,,
per_audio,cot,indoor,1003,outputs/cot/cot_indoor_1003.wav,"library ambience, page turning, soft footsteps, quiet environment, low noise","Environment: indoor built environment | Time: | Weather: | Sounds: page turning; soft footsteps | Spatial: quiet environment; close; moderate | Temporal: static; sparse | Acoustics: | Mood: calm | Style: | Details: indoor built environment; quiet environment; low noise; page turning; soft footsteps; minimize page turning noise; use soft floor materials to reduce footsteps noise; place sound sources away from the listener | Quality: high-quality, stereo","{""loopability_risk"": """", ""spot_layer"": """", ""control_decisions"": [""minimize page turning noise"", ""use soft floor materials to reduce footsteps noise"", ""place sound sources away from the listener""], ""foreground_background_tendency"": """", ""bed_layer"": """", ""dynamic_layer"": """", ""scene_family"": ""indoor built environment"", ""stationarity_variability"": """"}",quiet environment; low noise; page turning; soft footsteps,"{""temporal_evolution"": ""static"", ""immersion_level"": ""background"", ""distance_profile"": ""close"", ""looping"": """", ""audio_type"": ""AMBIENCE"", ""event_density"": ""sparse"", ""sao_prompt"": ""Environment: indoor built environment | Time: | Weather: | Sounds: page turning; soft footsteps | Spatial: quiet environment; close; moderate | Temporal: static; sparse | Acoustics: | Mood: calm | Style: | Details: indoor built environment; quiet environment; low noise; page turning; soft footsteps; minimize page turning noise; use soft floor materials to reduce footsteps noise; place sound sources away from the listener | Quality: high-quality, stereo"", ""duration_hint"": """", ""sound_sources_primary"": ""page turning"", ""weather"": """", ""background_textures"": """", ""recording_style"": """", ""spatial_characteristics"": ""quiet environment"", ""sound_sources_secondary"": ""soft footsteps"", ""negative_prompt"": """", ""stereo_width"": ""moderate"", ""acoustic_properties"": """", ""mood"": ""calm"", ""environment"": ""indoor built environment"", ""time_of_day"": """", ""cot_trace"": {""loopability_risk"": """", ""spot_layer"": """", ""control_decisions"": [""minimize page turning noise"", ""use soft floor materials to reduce footsteps noise"", ""place sound sources away from the listener""], ""foreground_background_tendency"": """", ""bed_layer"": """", ""dynamic_layer"": """", ""scene_family"": ""indoor built environment"", ""stationarity_variability"": """"}, ""reasoning_tags"": [""quiet environment"", ""low noise"", ""page turning"", ""soft footsteps""]}",0.00012427540787030011,10253532.848315606,,,,,,,,,,
per_audio,cot,indoor,1004,outputs/cot/cot_indoor_1004.wav,"library ambience, page turning, soft footsteps, quiet environment, low noise","Environment: indoor built environment | Time: | Weather: | Sounds: page turning; soft footsteps | Spatial: quiet environment; close; moderate | Temporal: static; sparse | Acoustics: | Mood: calm | Style: | Details: indoor built environment; quiet environment; low noise; page turning; soft footsteps; minimize page turning noise; use soft floor materials to reduce footsteps noise; place sound sources away from the listener | Quality: high-quality, stereo","{""loopability_risk"": """", ""spot_layer"": """", ""control_decisions"": [""minimize page turning noise"", ""use soft floor materials to reduce footsteps noise"", ""place sound sources away from the listener""], ""foreground_background_tendency"": """", ""bed_layer"": """", ""dynamic_layer"": """", ""scene_family"": ""indoor built environment"", ""stationarity_variability"": """"}",quiet environment; low noise; page turning; soft footsteps,"{""temporal_evolution"": ""static"", ""immersion_level"": ""background"", ""distance_profile"": ""close"", ""looping"": """", ""audio_type"": ""AMBIENCE"", ""event_density"": ""sparse"", ""sao_prompt"": ""Environment: indoor built environment | Time: | Weather: | Sounds: page turning; soft footsteps | Spatial: quiet environment; close; moderate | Temporal: static; sparse | Acoustics: | Mood: calm | Style: | Details: indoor built environment; quiet environment; low noise; page turning; soft footsteps; minimize page turning noise; use soft floor materials to reduce footsteps noise; place sound sources away from the listener | Quality: high-quality, stereo"", ""duration_hint"": """", ""sound_sources_primary"": ""page turning"", ""weather"": """", ""background_textures"": """", ""recording_style"": """", ""spatial_characteristics"": ""quiet environment"", ""sound_sources_secondary"": ""soft footsteps"", ""negative_prompt"": """", ""stereo_width"": ""moderate"", ""acoustic_properties"": """", ""mood"": ""calm"", ""environment"": ""indoor built environment"", ""time_of_day"": """", ""cot_trace"": {""loopability_risk"": """", ""spot_layer"": """", ""control_decisions"": [""minimize page turning noise"", ""use soft floor materials to reduce footsteps noise"", ""place sound sources away from the listener""], ""foreground_background_tendency"": """", ""bed_layer"": """", ""dynamic_layer"": """", ""scene_family"": ""indoor built environment"", ""stationarity_variability"": """"}, ""reasoning_tags"": [""quiet environment"", ""low noise"", ""page turning"", ""soft footsteps""]}",6.163811485748738e-05,8969538.266129123,,,,,,,,,,
per_audio,baseline,acoustic-heavy,1000,outputs/baseline/baseline_acoustic-heavy_1000.wav,"cave ambience, water dripping, echo reflections, dark enclosed space, sparse sound","cave ambience, water dripping, echo reflections, dark enclosed space, sparse sound",,,,0.0001287174818571657,2115748.8501181407,,,,,,,,,,
per_audio,baseline,acoustic-heavy,1001,outputs/baseline/baseline_acoustic-heavy_1001.wav,"cave ambience, water dripping, echo reflections, dark enclosed space, sparse sound","cave ambience, water dripping, echo reflections, dark enclosed space, sparse sound",,,,0.00016591853636782616,2378266.7592786835,,,,,,,,,,
per_audio,baseline,acoustic-heavy,1002,outputs/baseline/baseline_acoustic-heavy_1002.wav,"cave ambience, water dripping, echo reflections, dark enclosed space, sparse sound","cave ambience, water dripping, echo reflections, dark enclosed space, sparse sound",,,,4.966392589267343e-05,7047011.673122142,,,,,,,,,,
per_audio,baseline,acoustic-heavy,1003,outputs/baseline/baseline_acoustic-heavy_1003.wav,"cave ambience, water dripping, echo reflections, dark enclosed space, sparse sound","cave ambience, water dripping, echo reflections, dark enclosed space, sparse sound",,,,0.00011109704792033881,6377297.843956505,,,,,,,,,,
per_audio,baseline,acoustic-heavy,1004,outputs/baseline/baseline_acoustic-heavy_1004.wav,"cave ambience, water dripping, echo reflections, dark enclosed space, sparse sound","cave ambience, water dripping, echo reflections, dark enclosed space, sparse sound",,,,0.00018649188859853894,5155619.714764596,,,,,,,,,,
per_audio,structured,acoustic-heavy,1000,outputs/structured/structured_acoustic-heavy_1000.wav,"cave ambience, water dripping, echo reflections, dark enclosed space, sparse sound","Environment: cave | Time: | Weather: | Sounds: water dripping; echo reflections | Spatial: enclosed; close; narrow | Temporal: sparse | Acoustics: | Mood: dark | Style: | Details: | Quality: high-quality, stereo",,,"{""temporal_evolution"": """", ""immersion_level"": ""background"", ""distance_profile"": ""close"", ""looping"": """", ""audio_type"": ""AMBIENCE"", ""event_density"": ""sparse"", ""sao_prompt"": ""Environment: cave | Time: | Weather: | Sounds: water dripping; echo reflections | Spatial: enclosed; close; narrow | Temporal: sparse | Acoustics: | Mood: dark | Style: | Details: | Quality: high-quality, stereo"", ""duration_hint"": """", ""sound_sources_primary"": ""water dripping"", ""weather"": """", ""background_textures"": ""echo reflections"", ""recording_style"": """", ""spatial_characteristics"": ""enclosed"", ""sound_sources_secondary"": """", ""negative_prompt"": """", ""stereo_width"": ""narrow"", ""acoustic_properties"": """", ""mood"": ""dark"", ""environment"": ""cave"", ""time_of_day"": """"}",0.0001786892971722409,5336656.6054615155,,,,,,,,,,
per_audio,structured,acoustic-heavy,1001,outputs/structured/structured_acoustic-heavy_1001.wav,"cave ambience, water dripping, echo reflections, dark enclosed space, sparse sound","Environment: cave | Time: | Weather: | Sounds: water dripping; echo reflections | Spatial: enclosed; close; narrow | Temporal: sparse | Acoustics: | Mood: dark | Style: | Details: | Quality: high-quality, stereo",,,"{""temporal_evolution"": """", ""immersion_level"": ""background"", ""distance_profile"": ""close"", ""looping"": """", ""audio_type"": ""AMBIENCE"", ""event_density"": ""sparse"", ""sao_prompt"": ""Environment: cave | Time: | Weather: | Sounds: water dripping; echo reflections | Spatial: enclosed; close; narrow | Temporal: sparse | Acoustics: | Mood: dark | Style: | Details: | Quality: high-quality, stereo"", ""duration_hint"": """", ""sound_sources_primary"": ""water dripping"", ""weather"": """", ""background_textures"": ""echo reflections"", ""recording_style"": """", ""spatial_characteristics"": ""enclosed"", ""sound_sources_secondary"": """", ""negative_prompt"": """", ""stereo_width"": ""narrow"", ""acoustic_properties"": """", ""mood"": ""dark"", ""environment"": ""cave"", ""time_of_day"": """"}",0.0002160963776987046,3803021.803577486,,,,,,,,,,
per_audio,structured,acoustic-heavy,1002,outputs/structured/structured_acoustic-heavy_1002.wav,"cave ambience, water dripping, echo reflections, dark enclosed space, sparse sound","Environment: cave | Time: | Weather: | Sounds: water dripping; echo reflections | Spatial: enclosed; close; narrow | Temporal: sparse | Acoustics: | Mood: dark | Style: | Details: | Quality: high-quality, stereo",,,"{""temporal_evolution"": """", ""immersion_level"": ""background"", ""distance_profile"": ""close"", ""looping"": """", ""audio_type"": ""AMBIENCE"", ""event_density"": ""sparse"", ""sao_prompt"": ""Environment: cave | Time: | Weather: | Sounds: water dripping; echo reflections | Spatial: enclosed; close; narrow | Temporal: sparse | Acoustics: | Mood: dark | Style: | Details: | Quality: high-quality, stereo"", ""duration_hint"": """", ""sound_sources_primary"": ""water dripping"", ""weather"": """", ""background_textures"": ""echo reflections"", ""recording_style"": """", ""spatial_characteristics"": ""enclosed"", ""sound_sources_secondary"": """", ""negative_prompt"": """", ""stereo_width"": ""narrow"", ""acoustic_properties"": """", ""mood"": ""dark"", ""environment"": ""cave"", ""time_of_day"": """"}",8.040659304242581e-05,6338240.79220728,,,,,,,,,,
per_audio,structured,acoustic-heavy,1003,outputs/structured/structured_acoustic-heavy_1003.wav,"cave ambience, water dripping, echo reflections, dark enclosed space, sparse sound","Environment: cave | Time: | Weather: | Sounds: water dripping; echo reflections | Spatial: enclosed; close; narrow | Temporal: sparse | Acoustics: | Mood: dark | Style: | Details: | Quality: high-quality, stereo",,,"{""temporal_evolution"": """", ""immersion_level"": ""background"", ""distance_profile"": ""close"", ""looping"": """", ""audio_type"": ""AMBIENCE"", ""event_density"": ""sparse"", ""sao_prompt"": ""Environment: cave | Time: | Weather: | Sounds: water dripping; echo reflections | Spatial: enclosed; close; narrow | Temporal: sparse | Acoustics: | Mood: dark | Style: | Details: | Quality: high-quality, stereo"", ""duration_hint"": """", ""sound_sources_primary"": ""water dripping"", ""weather"": """", ""background_textures"": ""echo reflections"", ""recording_style"": """", ""spatial_characteristics"": ""enclosed"", ""sound_sources_secondary"": """", ""negative_prompt"": """", ""stereo_width"": ""narrow"", ""acoustic_properties"": """", ""mood"": ""dark"", ""environment"": ""cave"", ""time_of_day"": """"}",0.00031545519595965743,4239581.052852701,,,,,,,,,,
per_audio,structured,acoustic-heavy,1004,outputs/structured/structured_acoustic-heavy_1004.wav,"cave ambience, water dripping, echo reflections, dark enclosed space, sparse sound","Environment: cave | Time: | Weather: | Sounds: water dripping; echo reflections | Spatial: enclosed; close; narrow | Temporal: sparse | Acoustics: | Mood: dark | Style: | Details: | Quality: high-quality, stereo",,,"{""temporal_evolution"": """", ""immersion_level"": ""background"", ""distance_profile"": ""close"", ""looping"": """", ""audio_type"": ""AMBIENCE"", ""event_density"": ""sparse"", ""sao_prompt"": ""Environment: cave | Time: | Weather: | Sounds: water dripping; echo reflections | Spatial: enclosed; close; narrow | Temporal: sparse | Acoustics: | Mood: dark | Style: | Details: | Quality: high-quality, stereo"", ""duration_hint"": """", ""sound_sources_primary"": ""water dripping"", ""weather"": """", ""background_textures"": ""echo reflections"", ""recording_style"": """", ""spatial_characteristics"": ""enclosed"", ""sound_sources_secondary"": """", ""negative_prompt"": """", ""stereo_width"": ""narrow"", ""acoustic_properties"": """", ""mood"": ""dark"", ""environment"": ""cave"", ""time_of_day"": """"}",0.0002766663965303451,5314800.620669429,,,,,,,,,,
per_audio,cot,acoustic-heavy,1000,outputs/cot/cot_acoustic-heavy_1000.wav,"cave ambience, water dripping, echo reflections, dark enclosed space, sparse sound","Environment: cave | Time: | Weather: | Sounds: water dripping | Spatial: enclosed; close; narrow | Temporal: sparse | Acoustics: reverb, reflections | Mood: dark | Style: | Details: natural outdoors; dark enclosed space; water dripping; reverb, reflections; avoid close water droplets; minimize echo reflections; keep sound sources sparse | Quality: high-quality, stereo","{""loopability_risk"": """", ""spot_layer"": """", ""control_decisions"": [""avoid close water droplets"", ""minimize echo reflections"", ""keep sound sources sparse""], ""foreground_background_tendency"": """", ""bed_layer"": """", ""dynamic_layer"": """", ""scene_family"": ""natural outdoors"", ""stationarity_variability"": """"}","dark enclosed space; water dripping; reverb, reflections","{""temporal_evolution"": """", ""immersion_level"": ""background"", ""distance_profile"": ""close"", ""looping"": """", ""audio_type"": ""AMBIENCE"", ""event_density"": ""sparse"", ""sao_prompt"": ""Environment: cave | Time: | Weather: | Sounds: water dripping | Spatial: enclosed; close; narrow | Temporal: sparse | Acoustics: reverb, reflections | Mood: dark | Style: | Details: natural outdoors; dark enclosed space; water dripping; reverb, reflections; avoid close water droplets; minimize echo reflections; keep sound sources sparse | Quality: high-quality, stereo"", ""duration_hint"": """", ""sound_sources_primary"": ""water dripping"", ""weather"": """", ""background_textures"": """", ""recording_style"": """", ""spatial_characteristics"": ""enclosed"", ""sound_sources_secondary"": """", ""negative_prompt"": """", ""stereo_width"": ""narrow"", ""acoustic_properties"": ""reverb, reflections"", ""mood"": ""dark"", ""environment"": ""cave"", ""time_of_day"": """", ""cot_trace"": {""loopability_risk"": """", ""spot_layer"": """", ""control_decisions"": [""avoid close water droplets"", ""minimize echo reflections"", ""keep sound sources sparse""], ""foreground_background_tendency"": """", ""bed_layer"": """", ""dynamic_layer"": """", ""scene_family"": ""natural outdoors"", ""stationarity_variability"": """"}, ""reasoning_tags"": [""dark enclosed space"", ""water dripping"", ""reverb, reflections""]}",0.0002711989509407431,8248334.435547596,,,,,,,,,,
per_audio,cot,acoustic-heavy,1001,outputs/cot/cot_acoustic-heavy_1001.wav,"cave ambience, water dripping, echo reflections, dark enclosed space, sparse sound","Environment: cave | Time: | Weather: | Sounds: water dripping | Spatial: enclosed; close; narrow | Temporal: sparse | Acoustics: reverb, reflections | Mood: dark | Style: | Details: natural outdoors; dark enclosed space; water dripping; reverb, reflections; avoid close water droplets; minimize echo reflections; keep sound sources sparse | Quality: high-quality, stereo","{""loopability_risk"": """", ""spot_layer"": """", ""control_decisions"": [""avoid close water droplets"", ""minimize echo reflections"", ""keep sound sources sparse""], ""foreground_background_tendency"": """", ""bed_layer"": """", ""dynamic_layer"": """", ""scene_family"": ""natural outdoors"", ""stationarity_variability"": """"}","dark enclosed space; water dripping; reverb, reflections","{""temporal_evolution"": """", ""immersion_level"": ""background"", ""distance_profile"": ""close"", ""looping"": """", ""audio_type"": ""AMBIENCE"", ""event_density"": ""sparse"", ""sao_prompt"": ""Environment: cave | Time: | Weather: | Sounds: water dripping | Spatial: enclosed; close; narrow | Temporal: sparse | Acoustics: reverb, reflections | Mood: dark | Style: | Details: natural outdoors; dark enclosed space; water dripping; reverb, reflections; avoid close water droplets; minimize echo reflections; keep sound sources sparse | Quality: high-quality, stereo"", ""duration_hint"": """", ""sound_sources_primary"": ""water dripping"", ""weather"": """", ""background_textures"": """", ""recording_style"": """", ""spatial_characteristics"": ""enclosed"", ""sound_sources_secondary"": """", ""negative_prompt"": """", ""stereo_width"": ""narrow"", ""acoustic_properties"": ""reverb, reflections"", ""mood"": ""dark"", ""environment"": ""cave"", ""time_of_day"": """", ""cot_trace"": {""loopability_risk"": """", ""spot_layer"": """", ""control_decisions"": [""avoid close water droplets"", ""minimize echo reflections"", ""keep sound sources sparse""], ""foreground_background_tendency"": """", ""bed_layer"": """", ""dynamic_layer"": """", ""scene_family"": ""natural outdoors"", ""stationarity_variability"": """"}, ""reasoning_tags"": [""dark enclosed space"", ""water dripping"", ""reverb, reflections""]}",0.0003170683921780437,3816258.4792161253,,,,,,,,,,
per_audio,cot,acoustic-heavy,1002,outputs/cot/cot_acoustic-heavy_1002.wav,"cave ambience, water dripping, echo reflections, dark enclosed space, sparse sound","Environment: cave | Time: | Weather: | Sounds: water dripping | Spatial: enclosed; close; narrow | Temporal: sparse | Acoustics: reverb, reflections | Mood: dark | Style: | Details: natural outdoors; dark enclosed space; water dripping; reverb, reflections; avoid close water droplets; minimize echo reflections; keep sound sources sparse | Quality: high-quality, stereo","{""loopability_risk"": """", ""spot_layer"": """", ""control_decisions"": [""avoid close water droplets"", ""minimize echo reflections"", ""keep sound sources sparse""], ""foreground_background_tendency"": """", ""bed_layer"": """", ""dynamic_layer"": """", ""scene_family"": ""natural outdoors"", ""stationarity_variability"": """"}","dark enclosed space; water dripping; reverb, reflections","{""temporal_evolution"": """", ""immersion_level"": ""background"", ""distance_profile"": ""close"", ""looping"": """", ""audio_type"": ""AMBIENCE"", ""event_density"": ""sparse"", ""sao_prompt"": ""Environment: cave | Time: | Weather: | Sounds: water dripping | Spatial: enclosed; close; narrow | Temporal: sparse | Acoustics: reverb, reflections | Mood: dark | Style: | Details: natural outdoors; dark enclosed space; water dripping; reverb, reflections; avoid close water droplets; minimize echo reflections; keep sound sources sparse | Quality: high-quality, stereo"", ""duration_hint"": """", ""sound_sources_primary"": ""water dripping"", ""weather"": """", ""background_textures"": """", ""recording_style"": """", ""spatial_characteristics"": ""enclosed"", ""sound_sources_secondary"": """", ""negative_prompt"": """", ""stereo_width"": ""narrow"", ""acoustic_properties"": ""reverb, reflections"", ""mood"": ""dark"", ""environment"": ""cave"", ""time_of_day"": """", ""cot_trace"": {""loopability_risk"": """", ""spot_layer"": """", ""control_decisions"": [""avoid close water droplets"", ""minimize echo reflections"", ""keep sound sources sparse""], ""foreground_background_tendency"": """", ""bed_layer"": """", ""dynamic_layer"": """", ""scene_family"": ""natural outdoors"", ""stationarity_variability"": """"}, ""reasoning_tags"": [""dark enclosed space"", ""water dripping"", ""reverb, reflections""]}",0.0002718752948567271,7012006.78860966,,,,,,,,,,
per_audio,cot,acoustic-heavy,1003,outputs/cot/cot_acoustic-heavy_1003.wav,"cave ambience, water dripping, echo reflections, dark enclosed space, sparse sound","Environment: cave | Time: | Weather: | Sounds: water dripping | Spatial: enclosed; close; narrow | Temporal: sparse | Acoustics: reverb, reflections | Mood: dark | Style: | Details: natural outdoors; dark enclosed space; water dripping; reverb, reflections; avoid close water droplets; minimize echo reflections; keep sound sources sparse | Quality: high-quality, stereo","{""loopability_risk"": """", ""spot_layer"": """", ""control_decisions"": [""avoid close water droplets"", ""minimize echo reflections"", ""keep sound sources sparse""], ""foreground_background_tendency"": """", ""bed_layer"": """", ""dynamic_layer"": """", ""scene_family"": ""natural outdoors"", ""stationarity_variability"": """"}","dark enclosed space; water dripping; reverb, reflections","{""temporal_evolution"": """", ""immersion_level"": ""background"", ""distance_profile"": ""close"", ""looping"": """", ""audio_type"": ""AMBIENCE"", ""event_density"": ""sparse"", ""sao_prompt"": ""Environment: cave | Time: | Weather: | Sounds: water dripping | Spatial: enclosed; close; narrow | Temporal: sparse | Acoustics: reverb, reflections | Mood: dark | Style: | Details: natural outdoors; dark enclosed space; water dripping; reverb, reflections; avoid close water droplets; minimize echo reflections; keep sound sources sparse | Quality: high-quality, stereo"", ""duration_hint"": """", ""sound_sources_primary"": ""water dripping"", ""weather"": """", ""background_textures"": """", ""recording_style"": """", ""spatial_characteristics"": ""enclosed"", ""sound_sources_secondary"": """", ""negative_prompt"": """", ""stereo_width"": ""narrow"", ""acoustic_properties"": ""reverb, reflections"", ""mood"": ""dark"", ""environment"": ""cave"", ""time_of_day"": """", ""cot_trace"": {""loopability_risk"": """", ""spot_layer"": """", ""control_decisions"": [""avoid close water droplets"", ""minimize echo reflections"", ""keep sound sources sparse""], ""foreground_background_tendency"": """", ""bed_layer"": """", ""dynamic_layer"": """", ""scene_family"": ""natural outdoors"", ""stationarity_variability"": """"}, ""reasoning_tags"": [""dark enclosed space"", ""water dripping"", ""reverb, reflections""]}",0.00046612988808192313,5873250.150679281,,,,,,,,,,
per_audio,cot,acoustic-heavy,1004,outputs/cot/cot_acoustic-heavy_1004.wav,"cave ambience, water dripping, echo reflections, dark enclosed space, sparse sound","Environment: cave | Time: | Weather: | Sounds: water dripping | Spatial: enclosed; close; narrow | Temporal: sparse | Acoustics: reverb, reflections | Mood: dark | Style: | Details: natural outdoors; dark enclosed space; water dripping; reverb, reflections; avoid close water droplets; minimize echo reflections; keep sound sources sparse | Quality: high-quality, stereo","{""loopability_risk"": """", ""spot_layer"": """", ""control_decisions"": [""avoid close water droplets"", ""minimize echo reflections"", ""keep sound sources sparse""], ""foreground_background_tendency"": """", ""bed_layer"": """", ""dynamic_layer"": """", ""scene_family"": ""natural outdoors"", ""stationarity_variability"": """"}","dark enclosed space; water dripping; reverb, reflections","{""temporal_evolution"": """", ""immersion_level"": ""background"", ""distance_profile"": ""close"", ""looping"": """", ""audio_type"": ""AMBIENCE"", ""event_density"": ""sparse"", ""sao_prompt"": ""Environment: cave | Time: | Weather: | Sounds: water dripping | Spatial: enclosed; close; narrow | Temporal: sparse | Acoustics: reverb, reflections | Mood: dark | Style: | Details: natural outdoors; dark enclosed space; water dripping; reverb, reflections; avoid close water droplets; minimize echo reflections; keep sound sources sparse | Quality: high-quality, stereo"", ""duration_hint"": """", ""sound_sources_primary"": ""water dripping"", ""weather"": """", ""background_textures"": """", ""recording_style"": """", ""spatial_characteristics"": ""enclosed"", ""sound_sources_secondary"": """", ""negative_prompt"": """", ""stereo_width"": ""narrow"", ""acoustic_properties"": ""reverb, reflections"", ""mood"": ""dark"", ""environment"": ""cave"", ""time_of_day"": """", ""cot_trace"": {""loopability_risk"": """", ""spot_layer"": """", ""control_decisions"": [""avoid close water droplets"", ""minimize echo reflections"", ""keep sound sources sparse""], ""foreground_background_tendency"": """", ""bed_layer"": """", ""dynamic_layer"": """", ""scene_family"": ""natural outdoors"", ""stationarity_variability"": """"}, ""reasoning_tags"": [""dark enclosed space"", ""water dripping"", ""reverb, reflections""]}",0.0003378419205546379,5712258.215220842,,,,,,,,,,
prompt_summary,baseline,acoustic-heavy,all,,"cave ambience, water dripping, echo reflections, dark enclosed space, sparse sound","cave ambience, water dripping, echo reflections, dark enclosed space, sparse sound",,,,,,,,0.0001283777761273086,2.256233586772293e-09,4614788.968248013,4112375164533.9478,,,,
prompt_summary,baseline,indoor,all,,"library ambience, page turning, soft footsteps, quiet environment, low noise","library ambience, page turning, soft footsteps, quiet environment, low noise",,,,,,,,0.0007751540892058983,2.53123010223507e-07,3797716.1278833477,2638954623981.741,,,,
prompt_summary,baseline,nature,all,,"forest ambience, birds chirping, light wind, leaves rustling, calm atmosphere","forest ambience, birds chirping, light wind, leaves rustling, calm atmosphere",,,,,,,,0.0004564483999274671,9.528949558046064e-08,740218.536950383,479225050730.07196,,,,
prompt_summary,baseline,urban,all,,"night city ambience, distant traffic, occasional siren, quiet streets, calm mood","night city ambience, distant traffic, occasional siren, quiet streets, calm mood",,,,,,,,0.007550620753318071,7.3154722267511695e-06,5947683.971174232,3677696699996.7773,,,,
prompt_summary,cot,acoustic-heavy,all,,"cave ambience, water dripping, echo reflections, dark enclosed space, sparse sound","Environment: cave | Time: | Weather: | Sounds: water dripping | Spatial: enclosed; close; narrow | Temporal: sparse | Acoustics: reverb, reflections | Mood: dark | Style: | Details: natural outdoors; dark enclosed space; water dripping; reverb, reflections; avoid close water droplets; minimize echo reflections; keep sound sources sparse | Quality: high-quality, stereo",,,,,,,,0.000332822889322415,5.111253965174316e-09,6132421.613854701,2171815188757.5872,,,,
prompt_summary,cot,indoor,all,,"library ambience, page turning, soft footsteps, quiet environment, low noise","Environment: indoor built environment | Time: | Weather: | Sounds: page turning; soft footsteps | Spatial: quiet environment; close; moderate | Temporal: static; sparse | Acoustics: | Mood: calm | Style: | Details: indoor built environment; quiet environment; low noise; page turning; soft footsteps; minimize page turning noise; use soft floor materials to reduce footsteps noise; place sound sources away from the listener | Quality: high-quality, stereo",,,,,,,,0.00010244133736705407,7.368524285739328e-10,7609404.139672043,7010417470704.076,,,,
prompt_summary,cot,nature,all,,"forest ambience, birds chirping, light wind, leaves rustling, calm atmosphere","Environment: forest | Time: | Weather: light wind | Sounds: birds chirping; leaves rustling | Spatial: open; mid; moderate | Temporal: static; sparse | Acoustics: | Mood: calm | Style: | Details: forest; bird chirping; wind rustling; calm atmosphere; avoid close bird chirps; keep wind speed steady; use wide stereo for leaves rustling | Quality: high-quality, stereo",,,,,,,,6.868989767099265e-05,1.0956232180370792e-09,6152526.054480687,3589873424841.393,,,,
prompt_summary,cot,urban,all,,"night city ambience, distant traffic, occasional siren, quiet streets, calm mood","Environment: city | Time: night | Weather: clear | Sounds: distant traffic; occasional siren | Spatial: quiet streets; far; moderate | Temporal: static; sparse | Acoustics: | Mood: calm | Style: | Details: city; calm; low; low; calm; city; distant traffic; occasional siren; quiet streets; avoid close traffic noise; minimize siren exposure; use wide stereo for distant traffic | Quality: high-quality, stereo",,,,,,,,0.0020026930375024675,1.7627272372809299e-07,5372968.801279247,16513317241257.645,,,,
prompt_summary,structured,acoustic-heavy,all,,"cave ambience, water dripping, echo reflections, dark enclosed space, sparse sound","Environment: cave | Time: | Weather: | Sounds: water dripping; echo reflections | Spatial: enclosed; close; narrow | Temporal: sparse | Acoustics: | Mood: dark | Style: | Details: | Quality: high-quality, stereo",,,,,,,,0.00021346277208067477,6.6634459776604785e-09,5006460.174953682,802822125458.3274,,,,
prompt_summary,structured,indoor,all,,"library ambience, page turning, soft footsteps, quiet environment, low noise","Environment: | Time: | Weather: | Sounds: page turning; soft footsteps | Spatial: quiet environment; low noise | Temporal: | Acoustics: | Mood: | Style: | Details: | Quality: high-quality, stereo",,,,,,,,0.0002919897044193931,2.5338693152990556e-08,6902507.81813924,1827403596745.9617,,,,
prompt_summary,structured,nature,all,,"forest ambience, birds chirping, light wind, leaves rustling, calm atmosphere","Environment: forest | Time: | Weather: light wind | Sounds: birds chirping; leaves rustling | Spatial: open; mid; wide | Temporal: static; sparse | Acoustics: | Mood: calm | Style: | Details: | Quality: high-quality, stereo",,,,,,,,0.00013690843916265295,1.2227244569296094e-08,5109685.253355136,10946315642441.26,,,,
prompt_summary,structured,urban,all,,"night city ambience, distant traffic, occasional siren, quiet streets, calm mood","Environment: city | Time: night | Weather: clear | Sounds: distant traffic; occasional siren | Spatial: quiet streets; far | Temporal: static; sparse | Acoustics: | Mood: calm | Style: | Details: | Quality: high-quality, stereo",,,,,,,,0.002337776334024966,4.04701234519246e-07,9845785.559418077,13334611105080.191,,,,
